{
    "rmse": 0.7015942636794331,
    "mae": 0.5515772829966612,
    "r2": 0.29423052277995754
}